price,beds,property_type,url
299999,2,Semi-Detached,https://www.rightmove.co.uk/properties/144796745#/?channel=RES_BUY
350000,2,Terraced,https://www.rightmove.co.uk/properties/87128322#/?channel=RES_BUY
350000,2,Cottage,https://www.rightmove.co.uk/properties/162246239#/?channel=RES_BUY
375000,2,End of Terrace,https://www.rightmove.co.uk/properties/161402507#/?channel=RES_BUY
385000,2,Terraced,https://www.rightmove.co.uk/properties/159259883#/?channel=RES_BUY
385000,3,End of Terrace,https://www.rightmove.co.uk/properties/162567062#/?channel=RES_BUY
385000,2,House,https://www.rightmove.co.uk/properties/162431198#/?channel=RES_BUY
400000,2,Terraced,https://www.rightmove.co.uk/properties/162153362#/?channel=RES_BUY
420000,3,Terraced,https://www.rightmove.co.uk/properties/159355697#/?channel=RES_BUY
425000,3,Terraced,https://www.rightmove.co.uk/properties/162149546#/?channel=RES_BUY
425000,3,End of Terrace,https://www.rightmove.co.uk/properties/158427398#/?channel=RES_BUY
435000,3,Semi-Detached,https://www.rightmove.co.uk/properties/159731030#/?channel=RES_BUY
435000,3,Terraced,https://www.rightmove.co.uk/properties/162860807#/?channel=RES_BUY
445000,2,Semi-Detached Bungalow,https://www.rightmove.co.uk/properties/159635279#/?channel=RES_BUY
450000,3,Semi-Detached,https://www.rightmove.co.uk/properties/163006940#/?channel=RES_BUY
450000,3,Terraced,https://www.rightmove.co.uk/properties/161785691#/?channel=RES_BUY
450000,3,End of Terrace,https://www.rightmove.co.uk/properties/156253292#/?channel=RES_BUY
450000,3,Terraced,https://www.rightmove.co.uk/properties/161238347#/?channel=RES_BUY
450000,3,End of Terrace,https://www.rightmove.co.uk/properties/162223286#/?channel=RES_BUY
450000,3,Semi-Detached,https://www.rightmove.co.uk/properties/160757750#/?channel=RES_BUY
450000,2,Bungalow,https://www.rightmove.co.uk/properties/158838164#/?channel=RES_BUY
450000,3,Terraced,https://www.rightmove.co.uk/properties/162222980#/?channel=RES_BUY
460000,3,Terraced,https://www.rightmove.co.uk/properties/162605180#/?channel=RES_BUY
465000,3,Semi-Detached,https://www.rightmove.co.uk/properties/160550603#/?channel=RES_BUY
465000,3,End of Terrace,https://www.rightmove.co.uk/properties/159306353#/?channel=RES_BUY
465000,3,Semi-Detached,https://www.rightmove.co.uk/properties/160786679#/?channel=RES_BUY
465000,3,Semi-Detached,https://www.rightmove.co.uk/properties/159508040#/?channel=RES_BUY
465000,3,Terraced,https://www.rightmove.co.uk/properties/160443278#/?channel=RES_BUY
465000,4,End of Terrace,https://www.rightmove.co.uk/properties/162659822#/?channel=RES_BUY
475000,3,Semi-Detached,https://www.rightmove.co.uk/properties/147672353#/?channel=RES_BUY
475000,3,House,https://www.rightmove.co.uk/properties/156968258#/?channel=RES_BUY
475000,3,Semi-Detached,https://www.rightmove.co.uk/properties/162597974#/?channel=RES_BUY
475000,2,Semi-Detached Bungalow,https://www.rightmove.co.uk/properties/161041847#/?channel=RES_BUY
475000,3,Terraced,https://www.rightmove.co.uk/properties/158619590#/?channel=RES_BUY
475000,3,Semi-Detached,https://www.rightmove.co.uk/properties/162664694#/?channel=RES_BUY
480000,3,Detached,https://www.rightmove.co.uk/properties/159351482#/?channel=RES_BUY
485000,3,Detached,https://www.rightmove.co.uk/properties/160299746#/?channel=RES_BUY
500000,3,End of Terrace,https://www.rightmove.co.uk/properties/155621189#/?channel=RES_BUY
500000,3,Detached,https://www.rightmove.co.uk/properties/155118383#/?channel=RES_BUY
500000,3,Semi-Detached,https://www.rightmove.co.uk/properties/162009050#/?channel=RES_BUY
500000,2,Detached Bungalow,https://www.rightmove.co.uk/properties/160356722#/?channel=RES_BUY
500000,3,Semi-Detached,https://www.rightmove.co.uk/properties/162797402#/?channel=RES_BUY
500000,4,Semi-Detached,https://www.rightmove.co.uk/properties/87143079#/?channel=RES_BUY
525000,3,Semi-Detached,https://www.rightmove.co.uk/properties/160550576#/?channel=RES_BUY
530000,4,Terraced,https://www.rightmove.co.uk/properties/162313664#/?channel=RES_BUY
550000,3,Terraced,https://www.rightmove.co.uk/properties/162862607#/?channel=RES_BUY
550000,3,Semi-Detached,https://www.rightmove.co.uk/properties/156116558#/?channel=RES_BUY
550000,4,End of Terrace,https://www.rightmove.co.uk/properties/157878992#/?channel=RES_BUY
550000,3,Terraced,https://www.rightmove.co.uk/properties/160941389#/?channel=RES_BUY
575000,4,Detached,https://www.rightmove.co.uk/properties/161903924#/?channel=RES_BUY
585000,4,Terraced,https://www.rightmove.co.uk/properties/159802067#/?channel=RES_BUY
585000,4,Semi-Detached,https://www.rightmove.co.uk/properties/161782337#/?channel=RES_BUY
585000,2,Semi-Detached Bungalow,https://www.rightmove.co.uk/properties/160255085#/?channel=RES_BUY
620000,4,Semi-Detached,https://www.rightmove.co.uk/properties/162325370#/?channel=RES_BUY
650000,4,Detached,https://www.rightmove.co.uk/properties/162307706#/?channel=RES_BUY
650000,3,Semi-Detached,https://www.rightmove.co.uk/properties/162139838#/?channel=RES_BUY
650000,3,Detached,https://www.rightmove.co.uk/properties/157062662#/?channel=RES_BUY
675000,3,Detached,https://www.rightmove.co.uk/properties/155068499#/?channel=RES_BUY
695000,5,End of Terrace,https://www.rightmove.co.uk/properties/159619916#/?channel=RES_BUY
725000,3,Detached,https://www.rightmove.co.uk/properties/162784100#/?channel=RES_BUY
750000,5,End of Terrace,https://www.rightmove.co.uk/properties/158381876#/?channel=RES_BUY
850000,4,Detached,https://www.rightmove.co.uk/properties/58492937#/?channel=RES_BUY
850000,4,Detached,https://www.rightmove.co.uk/properties/143967491#/?channel=RES_BUY
870000,5,Bungalow,https://www.rightmove.co.uk/properties/156669680#/?channel=RES_BUY
870000,5,Detached Bungalow,https://www.rightmove.co.uk/properties/156617243#/?channel=RES_BUY
1150000,6,Detached,https://www.rightmove.co.uk/properties/148117619#/?channel=RES_BUY
1195000,5,Semi-Detached,https://www.rightmove.co.uk/properties/148804247#/?channel=RES_BUY
